id,company,industry,website,naics_code,naics_description,all_naics,uei,recipient_id,last_award_date,last_checked,total_awards_found
1,Asymmetric Technologies,Tactical AI & Edge Systems,asymmetric.us,541715,"RESEARCH AND DEVELOPMENT IN THE PHYSICAL, ENGINEERING, AND LIFE SCIENCES (EXCEPT NANOTECHNOLOGY AND BIOTECHNOLOGY)","541715: RESEARCH AND DEVELOPMENT IN THE PHYSICAL, ENGINEERING, AND LIFE SCIENCES (EXCEPT NANOTECHNOLOGY AND BIOTECHNOLOGY); 334511: SEARCH, DETECTION, NAVIGATION, GUIDANCE, AERONAUTICAL, AND NAUTICAL SYSTEM AND INSTRUMENT MANUFACTURING; 541990: ALL OTHER PROFESSIONAL, SCIENTIFIC, AND TECHNICAL SERVICES; 334210: TELEPHONE APPARATUS MANUFACTURING; 541712: RESEARCH AND DEVELOPMENT IN THE PHYSICAL, ENGINEERING, AND LIFE SCIENCES (EXCEPT BIOTECHNOLOGY); 541519: OTHER COMPUTER RELATED SERVICES",JG3FHKCGBKL5,170a5da1-02e3-da9d-c2c7-2d60cad8e06e-C,2024-06-14,2026-07-22,27
2,Charles River Analytics,Human-Centered AI & Robotics,cra.com,541715,"RESEARCH AND DEVELOPMENT IN THE PHYSICAL, ENGINEERING, AND LIFE SCIENCES (EXCEPT NANOTECHNOLOGY AND BIOTECHNOLOGY)","541715: RESEARCH AND DEVELOPMENT IN THE PHYSICAL, ENGINEERING, AND LIFE SCIENCES (EXCEPT NANOTECHNOLOGY AND BIOTECHNOLOGY); 541713: RESEARCH AND DEVELOPMENT IN NANOTECHNOLOGY; 541714: RESEARCH AND DEVELOPMENT IN BIOTECHNOLOGY (EXCEPT NANOBIOTECHNOLOGY); 541330: ENGINEERING SERVICES; 513210: SOFTWARE PUBLISHERS; 334511: SEARCH, DETECTION, NAVIGATION, GUIDANCE, AERONAUTICAL, AND NAUTICAL SYSTEM AND INSTRUMENT MANUFACTURING; 541519: OTHER COMPUTER RELATED SERVICES; 334118: COMPUTER TERMINAL AND OTHER COMPUTER PERIPHERAL EQUIPMENT MANUFACTURING; 541511: CUSTOM COMPUTER PROGRAMMING SERVICES; 541712: RESEARCH AND DEVELOPMENT IN THE PHYSICAL, ENGINEERING, AND LIFE SCIENCES (EXCEPT BIOTECHNOLOGY); 811212: COMPUTER AND OFFICE MACHINE REPAIR AND MAINTENANCE",DD1BYN8SN355,18a1d77c-196c-ded4-b89d-ea78f0d2fb01-C,2025-12-29,2026-07-22,135
3,SimCentric,Tactical Simulation Software,simct.com,513210,SOFTWARE PUBLISHERS,513210: SOFTWARE PUBLISHERS; 511210: SOFTWARE PUBLISHERS,D23XGCUHX6M4,1118c5a0-611a-40e5-6b9f-8e0fb9326919-C,2025-06-10,2026-07-22,2
4,"Aptima, Inc.",Data Analytics & Human Systems,aptima.com,541712,"RESEARCH AND DEVELOPMENT IN THE PHYSICAL, ENGINEERING, AND LIFE SCIENCES (EXCEPT BIOTECHNOLOGY)","541712: RESEARCH AND DEVELOPMENT IN THE PHYSICAL, ENGINEERING, AND LIFE SCIENCES (EXCEPT BIOTECHNOLOGY); 541330: ENGINEERING SERVICES; 541715: RESEARCH AND DEVELOPMENT IN THE PHYSICAL, ENGINEERING, AND LIFE SCIENCES (EXCEPT NANOTECHNOLOGY AND BIOTECHNOLOGY); 541710: ",QLCTKFNX8DD7,83bf974f-068d-cdbf-7a63-6669260d3da6-C,2024-07-22,2026-07-22,16
5,Xona Space Systems,Alternative PNT/Satellite Tech,xonaspace.com,927110,SPACE RESEARCH AND TECHNOLOGY,"927110: SPACE RESEARCH AND TECHNOLOGY; 541715: RESEARCH AND DEVELOPMENT IN THE PHYSICAL, ENGINEERING, AND LIFE SCIENCES (EXCEPT NANOTECHNOLOGY AND BIOTECHNOLOGY)",F2SEVE8JC648,fe2534d0-561e-385f-69f9-e9ac1bba1ace-C,2024-08-19,2026-07-22,6
6,Persistent Systems,MANET Tactical Radios,persistentsystems.com,334220,RADIO AND TELEVISION BROADCASTING AND WIRELESS COMMUNICATIONS EQUIPMENT MANUFACTURING,"334220: RADIO AND TELEVISION BROADCASTING AND WIRELESS COMMUNICATIONS EQUIPMENT MANUFACTURING; 541330: ENGINEERING SERVICES; 541715: RESEARCH AND DEVELOPMENT IN THE PHYSICAL, ENGINEERING, AND LIFE SCIENCES (EXCEPT NANOTECHNOLOGY AND BIOTECHNOLOGY); 335910: BATTERY MANUFACTURING; 334118: COMPUTER TERMINAL AND OTHER COMPUTER PERIPHERAL EQUIPMENT MANUFACTURING; 334511: SEARCH, DETECTION, NAVIGATION, GUIDANCE, AERONAUTICAL, AND NAUTICAL SYSTEM AND INSTRUMENT MANUFACTURING; 334310: AUDIO AND VIDEO EQUIPMENT MANUFACTURING; 332993: AMMUNITION (EXCEPT SMALL ARMS) MANUFACTURING; 335931: CURRENT-CARRYING WIRING DEVICE MANUFACTURING; 611430: PROFESSIONAL AND MANAGEMENT DEVELOPMENT TRAINING; 334418: PRINTED CIRCUIT ASSEMBLY (ELECTRONIC ASSEMBLY) MANUFACTURING; 334419: OTHER ELECTRONIC COMPONENT MANUFACTURING; 334111: ELECTRONIC COMPUTER MANUFACTURING; 611519: OTHER TECHNICAL AND TRADE SCHOOLS; 335911: STORAGE BATTERY MANUFACTURING; 541511: CUSTOM COMPUTER PROGRAMMING SERVICES; 334210: TELEPHONE APPARATUS MANUFACTURING",NPJTWLK75ZY1,1f599213-5756-7a22-4e4e-33b2136e2e07-C,2026-10-16,2026-07-22,114
7,Tomahawk Robotics,Common Robotic Control Systems,tomahawkrobotics.com,541715,"RESEARCH AND DEVELOPMENT IN THE PHYSICAL, ENGINEERING, AND LIFE SCIENCES (EXCEPT NANOTECHNOLOGY AND BIOTECHNOLOGY)","541715: RESEARCH AND DEVELOPMENT IN THE PHYSICAL, ENGINEERING, AND LIFE SCIENCES (EXCEPT NANOTECHNOLOGY AND BIOTECHNOLOGY); 335314: RELAY AND INDUSTRIAL CONTROL MANUFACTURING",CC54YYMKNLD7,0efbb089-9cef-4068-b042-5896fbe925ff-C,2025-09-18,2026-07-22,16
8,Intelligent Artifacts,Deterministic AI & ML Software,intelligentartifacts.com,541715,"RESEARCH AND DEVELOPMENT IN THE PHYSICAL, ENGINEERING, AND LIFE SCIENCES (EXCEPT NANOTECHNOLOGY AND BIOTECHNOLOGY)","541715: RESEARCH AND DEVELOPMENT IN THE PHYSICAL, ENGINEERING, AND LIFE SCIENCES (EXCEPT NANOTECHNOLOGY AND BIOTECHNOLOGY)",W4JLGUYDMNW3,3cd3fb05-a2c5-9bfb-db0a-f1b5f16cce79-C,2021-09-24,2026-07-22,6
9,Ghost Robotics,Vision-Based Quadrupedal Unmanned Systems,ghostrobotics.io,541715,"RESEARCH AND DEVELOPMENT IN THE PHYSICAL, ENGINEERING, AND LIFE SCIENCES (EXCEPT NANOTECHNOLOGY AND BIOTECHNOLOGY)","541715: RESEARCH AND DEVELOPMENT IN THE PHYSICAL, ENGINEERING, AND LIFE SCIENCES (EXCEPT NANOTECHNOLOGY AND BIOTECHNOLOGY); 811210: ELECTRONIC AND PRECISION EQUIPMENT REPAIR AND MAINTENANCE; 334511: SEARCH, DETECTION, NAVIGATION, GUIDANCE, AERONAUTICAL, AND NAUTICAL SYSTEM AND INSTRUMENT MANUFACTURING; 334220: RADIO AND TELEVISION BROADCASTING AND WIRELESS COMMUNICATIONS EQUIPMENT MANUFACTURING; 335999: ALL OTHER MISCELLANEOUS ELECTRICAL EQUIPMENT AND COMPONENT MANUFACTURING; 334513: INSTRUMENTS AND RELATED PRODUCTS MANUFACTURING FOR MEASURING, DISPLAYING, AND CONTROLLING INDUSTRIAL PROCESS VARIABLES; 333999: ALL OTHER MISCELLANEOUS GENERAL PURPOSE MACHINERY MANUFACTURING; 334516: ANALYTICAL LABORATORY INSTRUMENT MANUFACTURING; 541330: ENGINEERING SERVICES",CG7JDWUC5FN1,6efd1b91-1e7e-79ed-957a-1873ec145c3e-C,2025-09-10,2026-07-22,23
10,Shield AI,Tactical Autonomy Software,shield.ai,541715,"RESEARCH AND DEVELOPMENT IN THE PHYSICAL, ENGINEERING, AND LIFE SCIENCES (EXCEPT NANOTECHNOLOGY AND BIOTECHNOLOGY)","541715: RESEARCH AND DEVELOPMENT IN THE PHYSICAL, ENGINEERING, AND LIFE SCIENCES (EXCEPT NANOTECHNOLOGY AND BIOTECHNOLOGY); 541370: SURVEYING AND MAPPING (EXCEPT GEOPHYSICAL) SERVICES; 332993: AMMUNITION (EXCEPT SMALL ARMS) MANUFACTURING; 541330: ENGINEERING SERVICES; 611710: EDUCATIONAL SUPPORT SERVICES; 336411: AIRCRAFT MANUFACTURING",DVEJNK717BB6,4c75a234-1efb-a412-cbcd-eab2e4fca1ed-C,2026-05-27,2026-07-22,33
11,Rebellion Defense,Enterprise Defense Software,rebelliondefense.com,541715,"RESEARCH AND DEVELOPMENT IN THE PHYSICAL, ENGINEERING, AND LIFE SCIENCES (EXCEPT NANOTECHNOLOGY AND BIOTECHNOLOGY)","541715: RESEARCH AND DEVELOPMENT IN THE PHYSICAL, ENGINEERING, AND LIFE SCIENCES (EXCEPT NANOTECHNOLOGY AND BIOTECHNOLOGY); 332993: AMMUNITION (EXCEPT SMALL ARMS) MANUFACTURING; 511210: SOFTWARE PUBLISHERS; 541511: CUSTOM COMPUTER PROGRAMMING SERVICES; 541370: SURVEYING AND MAPPING (EXCEPT GEOPHYSICAL) SERVICES; 518210: COMPUTING INFRASTRUCTURE PROVIDERS, DATA PROCESSING, WEB HOSTING, AND RELATED SERVICES",KV99RGJA8NK3,4d26e51a-aab6-1b95-9420-955f44823f10-C,2024-02-02,2026-07-22,16
12,EpiSci,Autonomous Drone Swarming Systems,episci.com,,,,,,,2026-07-22,
13,Epirus,High-Power Microwave Systems,epirusinc.com,541715,"RESEARCH AND DEVELOPMENT IN THE PHYSICAL, ENGINEERING, AND LIFE SCIENCES (EXCEPT NANOTECHNOLOGY AND BIOTECHNOLOGY)","541715: RESEARCH AND DEVELOPMENT IN THE PHYSICAL, ENGINEERING, AND LIFE SCIENCES (EXCEPT NANOTECHNOLOGY AND BIOTECHNOLOGY)",JJKVLHAMFJT9,d41b3544-17b2-a27b-6808-d4f3b7e6587f-C,2025-12-29,2026-07-22,14
14,Fortem Technologies,Airspace Security & Counter-UAS,fortemtech.com,561621,SECURITY SYSTEMS SERVICES (EXCEPT LOCKSMITHS),"561621: SECURITY SYSTEMS SERVICES (EXCEPT LOCKSMITHS); 334511: SEARCH, DETECTION, NAVIGATION, GUIDANCE, AERONAUTICAL, AND NAUTICAL SYSTEM AND INSTRUMENT MANUFACTURING; 541715: RESEARCH AND DEVELOPMENT IN THE PHYSICAL, ENGINEERING, AND LIFE SCIENCES (EXCEPT NANOTECHNOLOGY AND BIOTECHNOLOGY); 541712: RESEARCH AND DEVELOPMENT IN THE PHYSICAL, ENGINEERING, AND LIFE SCIENCES (EXCEPT BIOTECHNOLOGY)",XLRDQKZPX7N9,69a91630-ea8d-b69c-d313-e143ef45038b-C,2026-04-21,2026-07-22,7
15,Dedrone,Drone Detection Platforms,dedrone.com,334511,"SEARCH, DETECTION, NAVIGATION, GUIDANCE, AERONAUTICAL, AND NAUTICAL SYSTEM AND INSTRUMENT MANUFACTURING","334511: SEARCH, DETECTION, NAVIGATION, GUIDANCE, AERONAUTICAL, AND NAUTICAL SYSTEM AND INSTRUMENT MANUFACTURING; 513210: SOFTWARE PUBLISHERS; 541511: CUSTOM COMPUTER PROGRAMMING SERVICES; 334111: ELECTRONIC COMPUTER MANUFACTURING; 561621: SECURITY SYSTEMS SERVICES (EXCEPT LOCKSMITHS); 811213: COMMUNICATION EQUIPMENT REPAIR AND MAINTENANCE; 334220: RADIO AND TELEVISION BROADCASTING AND WIRELESS COMMUNICATIONS EQUIPMENT MANUFACTURING",PTKSSCB9V873,b2204494-6bda-9e08-82dc-6525fd301674-C,2025-06-10,2026-07-22,14
16,Skydio,Autonomous Defense Drone Systems,skydio.com,336411,AIRCRAFT MANUFACTURING,"336411: AIRCRAFT MANUFACTURING; 541715: RESEARCH AND DEVELOPMENT IN THE PHYSICAL, ENGINEERING, AND LIFE SCIENCES (EXCEPT NANOTECHNOLOGY AND BIOTECHNOLOGY); 339999: ALL OTHER MISCELLANEOUS MANUFACTURING; 335910: BATTERY MANUFACTURING; 513210: SOFTWARE PUBLISHERS; 423690: OTHER ELECTRONIC PARTS AND EQUIPMENT MERCHANT WHOLESALERS",LTBJCLHYL5S9,7e94f475-5ef8-624a-8b7e-0753b43b0fd6-C,2026-07-15,2026-07-22,105
17,Teal Drones,Military Reconnaissance sUAS,tealdrones.com,334220,RADIO AND TELEVISION BROADCASTING AND WIRELESS COMMUNICATIONS EQUIPMENT MANUFACTURING,"334220: RADIO AND TELEVISION BROADCASTING AND WIRELESS COMMUNICATIONS EQUIPMENT MANUFACTURING; 336411: AIRCRAFT MANUFACTURING; 334511: SEARCH, DETECTION, NAVIGATION, GUIDANCE, AERONAUTICAL, AND NAUTICAL SYSTEM AND INSTRUMENT MANUFACTURING; 334290: OTHER COMMUNICATIONS EQUIPMENT MANUFACTURING; 334111: ELECTRONIC COMPUTER MANUFACTURING; 541715: RESEARCH AND DEVELOPMENT IN THE PHYSICAL, ENGINEERING, AND LIFE SCIENCES (EXCEPT NANOTECHNOLOGY AND BIOTECHNOLOGY)",P22FX2MVJZL1,67f7fa6f-1c68-be1e-49c1-174edea95fe9-C,2026-04-15,2026-07-22,49
18,Vantage Robotics,Tactical UAVs & ISR Cameras,vantagerobotics.com,334220,RADIO AND TELEVISION BROADCASTING AND WIRELESS COMMUNICATIONS EQUIPMENT MANUFACTURING,"334220: RADIO AND TELEVISION BROADCASTING AND WIRELESS COMMUNICATIONS EQUIPMENT MANUFACTURING; 336411: AIRCRAFT MANUFACTURING; 334511: SEARCH, DETECTION, NAVIGATION, GUIDANCE, AERONAUTICAL, AND NAUTICAL SYSTEM AND INSTRUMENT MANUFACTURING; 611512: FLIGHT TRAINING; 541715: RESEARCH AND DEVELOPMENT IN THE PHYSICAL, ENGINEERING, AND LIFE SCIENCES (EXCEPT NANOTECHNOLOGY AND BIOTECHNOLOGY)",DC8ZNTAB4AE7,ee6a90d6-618e-36fb-2f04-f5fc366f61fe-C,2026-03-31,2026-07-22,37
19,Ascent AeroSystems,Coaxial Drone Platforms,ascentaerosystems.com,336411,AIRCRAFT MANUFACTURING,"336411: AIRCRAFT MANUFACTURING; 541715: RESEARCH AND DEVELOPMENT IN THE PHYSICAL, ENGINEERING, AND LIFE SCIENCES (EXCEPT NANOTECHNOLOGY AND BIOTECHNOLOGY)",W7JVCM9HK9U4,4efb4e2e-3d0e-1a3d-fc42-7d8efd5a8541-C,2025-08-15,2026-07-22,9
20,Inspired Flight,Commercial & Defense UAVs,inspiredflight.com,336411,AIRCRAFT MANUFACTURING,336411: AIRCRAFT MANUFACTURING; 333316: PHOTOGRAPHIC AND PHOTOCOPYING EQUIPMENT MANUFACTURING,LV6TMMM17JZ3,21219d6a-6287-da53-0ae5-7f4b6091dca3-C,2023-07-21,2026-07-22,4
21,Auterion,Drone Operating Systems & Tech,auterion.com,336411,AIRCRAFT MANUFACTURING,"336411: AIRCRAFT MANUFACTURING; 336413: OTHER AIRCRAFT PARTS AND AUXILIARY EQUIPMENT MANUFACTURING; 334511: SEARCH, DETECTION, NAVIGATION, GUIDANCE, AERONAUTICAL, AND NAUTICAL SYSTEM AND INSTRUMENT MANUFACTURING",EKPDJ8D9VKE8,df8e1cca-f1df-3530-95c8-a535ff3d4ec9-C,2026-04-15,2026-07-22,4
22,ModalAI,Blue UAS Autopilot Software,modalai.com,541715,"RESEARCH AND DEVELOPMENT IN THE PHYSICAL, ENGINEERING, AND LIFE SCIENCES (EXCEPT NANOTECHNOLOGY AND BIOTECHNOLOGY)","541715: RESEARCH AND DEVELOPMENT IN THE PHYSICAL, ENGINEERING, AND LIFE SCIENCES (EXCEPT NANOTECHNOLOGY AND BIOTECHNOLOGY); 541511: CUSTOM COMPUTER PROGRAMMING SERVICES; 336413: OTHER AIRCRAFT PARTS AND AUXILIARY EQUIPMENT MANUFACTURING; 336411: AIRCRAFT MANUFACTURING",PGJWE887TDM9,8b4ed4fb-efb8-9559-6b47-83be197583c3-C,2026-01-30,2026-07-22,8
23,Red Cat Holdings,Unmanned Aircraft Solutions,redcatholdings.com,334220,RADIO AND TELEVISION BROADCASTING AND WIRELESS COMMUNICATIONS EQUIPMENT MANUFACTURING,"334220: RADIO AND TELEVISION BROADCASTING AND WIRELESS COMMUNICATIONS EQUIPMENT MANUFACTURING; 541715: RESEARCH AND DEVELOPMENT IN THE PHYSICAL, ENGINEERING, AND LIFE SCIENCES (EXCEPT NANOTECHNOLOGY AND BIOTECHNOLOGY)",P22FX2MVJZL1,67f7fa6f-1c68-be1e-49c1-174edea95fe9-C,2024-03-14,2026-07-22,18
24,Gremsy,Gimbal Systems for Defense UAVs,gremsy.com,,,,,,,2026-07-22,
25,Kraus Hamdani Aerospace,Ultra-Long Endurance UAVs,krausha.com,336411,AIRCRAFT MANUFACTURING,"336411: AIRCRAFT MANUFACTURING; 541715: RESEARCH AND DEVELOPMENT IN THE PHYSICAL, ENGINEERING, AND LIFE SCIENCES (EXCEPT NANOTECHNOLOGY AND BIOTECHNOLOGY)",QSBUPRMYGV43,2763fd3b-d864-7a1a-6a22-3b4f0b10d671-C,2026-04-17,2026-07-22,8
26,Vanilla Unmanned,Ultra-Endurance Drone Fleets,vanillaunmanned.com,,,,,,,2026-07-22,
27,Swift Engineering,Tactical VTOL Drone Solutions,swiftengineering.com,541712,"RESEARCH AND DEVELOPMENT IN THE PHYSICAL, ENGINEERING, AND LIFE SCIENCES (EXCEPT BIOTECHNOLOGY)","541712: RESEARCH AND DEVELOPMENT IN THE PHYSICAL, ENGINEERING, AND LIFE SCIENCES (EXCEPT BIOTECHNOLOGY); 541715: RESEARCH AND DEVELOPMENT IN THE PHYSICAL, ENGINEERING, AND LIFE SCIENCES (EXCEPT NANOTECHNOLOGY AND BIOTECHNOLOGY); 541713: RESEARCH AND DEVELOPMENT IN NANOTECHNOLOGY",GYHCJ83A16M5,176bc4eb-4c67-9975-7031-83f5e8b24cb6-C,2025-09-02,2026-07-22,17
28,Silent Falcon UAS,Solar-Electric UAVs,silentfalconuas.com,,,,,,,2026-07-22,
29,Real-Time Innovations (RTI),Edge Software Concurrency & Connectivity,rti.com,,,,,,,2026-07-22,
30,Wind River Systems,Real-Time Defense Operating Systems,windriver.com,511210,SOFTWARE PUBLISHERS,"511210: SOFTWARE PUBLISHERS; 513210: SOFTWARE PUBLISHERS; 541519: OTHER COMPUTER RELATED SERVICES; 541511: CUSTOM COMPUTER PROGRAMMING SERVICES; 541330: ENGINEERING SERVICES; 541715: RESEARCH AND DEVELOPMENT IN THE PHYSICAL, ENGINEERING, AND LIFE SCIENCES (EXCEPT NANOTECHNOLOGY AND BIOTECHNOLOGY); 811212: COMPUTER AND OFFICE MACHINE REPAIR AND MAINTENANCE",FMNVM66XGFY7,713cfd25-bd59-e2bc-6f5e-643305508622-C,2026-01-13,2026-07-22,102
31,Green Hills Software,Cyber-Secure Safety Systems,ghs.com,511210,SOFTWARE PUBLISHERS,511210: SOFTWARE PUBLISHERS; 513210: SOFTWARE PUBLISHERS; 541519: OTHER COMPUTER RELATED SERVICES; 541511: CUSTOM COMPUTER PROGRAMMING SERVICES; 541512: COMPUTER SYSTEMS DESIGN SERVICES; 511120: PERIODICAL PUBLISHERS; 334418: PRINTED CIRCUIT ASSEMBLY (ELECTRONIC ASSEMBLY) MANUFACTURING; 423430: COMPUTER AND COMPUTER PERIPHERAL EQUIPMENT AND SOFTWARE MERCHANT WHOLESALERS,WH64TRZ4WL65,6d18831f-83cd-ea7a-dade-237b369e24f0-C,2026-07-01,2026-07-22,100
32,Lynx Software Technologies,Mission-Critical Safe Hypervisors,lynxsemi.com,511210,SOFTWARE PUBLISHERS,"511210: SOFTWARE PUBLISHERS; 513210: SOFTWARE PUBLISHERS; 541511: CUSTOM COMPUTER PROGRAMMING SERVICES; 541519: OTHER COMPUTER RELATED SERVICES; 541512: COMPUTER SYSTEMS DESIGN SERVICES; 541330: ENGINEERING SERVICES; 811212: COMPUTER AND OFFICE MACHINE REPAIR AND MAINTENANCE; 541990: ALL OTHER PROFESSIONAL, SCIENTIFIC, AND TECHNICAL SERVICES",EWCXW1KUGKV4,91af12fc-7a28-08f4-d46f-2060a1de4c91-C,2025-07-31,2026-07-22,74
33,DDC-I,Safety-Critical Avionics RTOS,ddci.com,511210,SOFTWARE PUBLISHERS,511210: SOFTWARE PUBLISHERS; 513210: SOFTWARE PUBLISHERS; 541511: CUSTOM COMPUTER PROGRAMMING SERVICES; 541519: OTHER COMPUTER RELATED SERVICES; 511120: PERIODICAL PUBLISHERS,ELYJDMMEWMN1,b48d55e1-2b59-ddc6-a672-5bce19ed4c4f-C,2025-05-07,2026-07-22,21
34,CoreAVI,Mission-Critical Graphics Drivers,coreavi.com,,,,,,,2026-07-22,
35,Presagis,Modeling & Tactical Sim Systems,presagis.com,511210,SOFTWARE PUBLISHERS,"511210: SOFTWARE PUBLISHERS; 541511: CUSTOM COMPUTER PROGRAMMING SERVICES; 513210: SOFTWARE PUBLISHERS; 334118: COMPUTER TERMINAL AND OTHER COMPUTER PERIPHERAL EQUIPMENT MANUFACTURING; 541519: OTHER COMPUTER RELATED SERVICES; 541712: RESEARCH AND DEVELOPMENT IN THE PHYSICAL, ENGINEERING, AND LIFE SCIENCES (EXCEPT BIOTECHNOLOGY)",XEYEGS3PB2D8,6641cdb8-bfbb-6dda-e959-f53dea7ede70-C,2023-11-07,2026-07-22,54
36,MAK Technologies,Distributed Defense Simulation,mak.com,511210,SOFTWARE PUBLISHERS,"511210: SOFTWARE PUBLISHERS; 513210: SOFTWARE PUBLISHERS; 541511: CUSTOM COMPUTER PROGRAMMING SERVICES; 541519: OTHER COMPUTER RELATED SERVICES; 334511: SEARCH, DETECTION, NAVIGATION, GUIDANCE, AERONAUTICAL, AND NAUTICAL SYSTEM AND INSTRUMENT MANUFACTURING; 513120: PERIODICAL PUBLISHERS; 541715: RESEARCH AND DEVELOPMENT IN THE PHYSICAL, ENGINEERING, AND LIFE SCIENCES (EXCEPT NANOTECHNOLOGY AND BIOTECHNOLOGY); 541512: COMPUTER SYSTEMS DESIGN SERVICES; 334614: SOFTWARE AND OTHER PRERECORDED COMPACT DISC, TAPE, AND RECORD REPRODUCING; 331110: IRON AND STEEL MILLS AND FERROALLOY MANUFACTURING; 332510: HARDWARE MANUFACTURING; 334515: INSTRUMENT MANUFACTURING FOR MEASURING AND TESTING ELECTRICITY AND ELECTRICAL SIGNALS",TT11NFHPTZN1,fe1022a7-8360-817b-c701-0ba0f996ae81-C,2026-02-10,2026-07-22,91
37,Bohemia Interactive Simulations,Military Virtual Training Platforms,bisimulations.com,541511,CUSTOM COMPUTER PROGRAMMING SERVICES,541511: CUSTOM COMPUTER PROGRAMMING SERVICES; 511210: SOFTWARE PUBLISHERS; 513210: SOFTWARE PUBLISHERS; 541519: OTHER COMPUTER RELATED SERVICES; 541720: RESEARCH AND DEVELOPMENT IN THE SOCIAL SCIENCES AND HUMANITIES; 333310: COMMERCIAL AND SERVICE INDUSTRY MACHINERY MANUFACTURING; 561990: ALL OTHER SUPPORT SERVICES; 611519: OTHER TECHNICAL AND TRADE SCHOOLS; 541512: COMPUTER SYSTEMS DESIGN SERVICES; 334118: COMPUTER TERMINAL AND OTHER COMPUTER PERIPHERAL EQUIPMENT MANUFACTURING,U84CXJN25MG3,900474a4-c46b-f27a-118d-7a6e87bdd303-C,2026-04-16,2026-07-22,42
38,Mass Virtual,VR Training Solutions for the DoD,massvirtual.com,611430,PROFESSIONAL AND MANAGEMENT DEVELOPMENT TRAINING,"611430: PROFESSIONAL AND MANAGEMENT DEVELOPMENT TRAINING; 541715: RESEARCH AND DEVELOPMENT IN THE PHYSICAL, ENGINEERING, AND LIFE SCIENCES (EXCEPT NANOTECHNOLOGY AND BIOTECHNOLOGY); 541519: OTHER COMPUTER RELATED SERVICES; 513210: SOFTWARE PUBLISHERS; 541330: ENGINEERING SERVICES",CH34JZ4179Q3,d1f2f5f8-3b5c-c57b-ed79-12442bdad5b8-C,2025-12-29,2026-07-22,104
39,Pinnacle Solutions,Aerospace Training & Simulations,pinnaclesolutionsinc.com,541519,OTHER COMPUTER RELATED SERVICES,541519: OTHER COMPUTER RELATED SERVICES; 488190: OTHER SUPPORT ACTIVITIES FOR AIR TRANSPORTATION; 611512: FLIGHT TRAINING; 611430: PROFESSIONAL AND MANAGEMENT DEVELOPMENT TRAINING; 336413: OTHER AIRCRAFT PARTS AND AUXILIARY EQUIPMENT MANUFACTURING; 423490: OTHER PROFESSIONAL EQUIPMENT AND SUPPLIES MERCHANT WHOLESALERS; 541330: ENGINEERING SERVICES; 336411: AIRCRAFT MANUFACTURING; 493110: GENERAL WAREHOUSING AND STORAGE; 333318: OTHER COMMERCIAL AND SERVICE INDUSTRY MACHINERY MANUFACTURING; 541199: ALL OTHER LEGAL SERVICES; 611710: EDUCATIONAL SUPPORT SERVICES; 541512: COMPUTER SYSTEMS DESIGN SERVICES; 325320: PESTICIDE AND OTHER AGRICULTURAL CHEMICAL MANUFACTURING,QRH4CF28JZD6,ed3f9c9e-41f8-ec61-56a8-89813dc86f62-C,2026-01-23,2026-07-22,54
40,Cole Engineering Services,Complex Modeling & Simulation Systems,coleengineering.com,541712,"RESEARCH AND DEVELOPMENT IN THE PHYSICAL, ENGINEERING, AND LIFE SCIENCES (EXCEPT BIOTECHNOLOGY)","541712: RESEARCH AND DEVELOPMENT IN THE PHYSICAL, ENGINEERING, AND LIFE SCIENCES (EXCEPT BIOTECHNOLOGY); 541519: OTHER COMPUTER RELATED SERVICES; 541512: COMPUTER SYSTEMS DESIGN SERVICES; 541330: ENGINEERING SERVICES; 541715: RESEARCH AND DEVELOPMENT IN THE PHYSICAL, ENGINEERING, AND LIFE SCIENCES (EXCEPT NANOTECHNOLOGY AND BIOTECHNOLOGY); 333319: OTHER COMMERCIAL AND SERVICE INDUSTRY MACHINERY MANUFACTURING; 541720: RESEARCH AND DEVELOPMENT IN THE SOCIAL SCIENCES AND HUMANITIES; 333310: COMMERCIAL AND SERVICE INDUSTRY MACHINERY MANUFACTURING; 541511: CUSTOM COMPUTER PROGRAMMING SERVICES",KPTFNV8G23L1,236ac8d6-bc81-9510-0225-1d6f38cf4b71-C,2026-03-19,2026-07-22,116
41,DiSTI Corporation,Virtual Maintenance Training Software,disti.com,511210,SOFTWARE PUBLISHERS,511210: SOFTWARE PUBLISHERS; 333319: OTHER COMMERCIAL AND SERVICE INDUSTRY MACHINERY MANUFACTURING; 541511: CUSTOM COMPUTER PROGRAMMING SERVICES; 541512: COMPUTER SYSTEMS DESIGN SERVICES,HLJTYTGT86E1,eb9d4b2f-3481-5700-4452-06e528b2f967-C,2016-08-05,2026-07-22,11
42,Vertex Aerospace,Specialized Fleet Support Services,vtxaero.com,488190,OTHER SUPPORT ACTIVITIES FOR AIR TRANSPORTATION,"488190: OTHER SUPPORT ACTIVITIES FOR AIR TRANSPORTATION; 541990: ALL OTHER PROFESSIONAL, SCIENTIFIC, AND TECHNICAL SERVICES; 336411: AIRCRAFT MANUFACTURING; 541330: ENGINEERING SERVICES; 541690: OTHER SCIENTIFIC AND TECHNICAL CONSULTING SERVICES; 541715: RESEARCH AND DEVELOPMENT IN THE PHYSICAL, ENGINEERING, AND LIFE SCIENCES (EXCEPT NANOTECHNOLOGY AND BIOTECHNOLOGY); 336413: OTHER AIRCRAFT PARTS AND AUXILIARY EQUIPMENT MANUFACTURING; 333310: COMMERCIAL AND SERVICE INDUSTRY MACHINERY MANUFACTURING; 332993: AMMUNITION (EXCEPT SMALL ARMS) MANUFACTURING; 561210: FACILITIES SUPPORT SERVICES; 336414: GUIDED MISSILE AND SPACE VEHICLE MANUFACTURING; 481211: NONSCHEDULED CHARTERED PASSENGER AIR TRANSPORTATION; 481219: OTHER NONSCHEDULED AIR TRANSPORTATION; 541611: ADMINISTRATIVE MANAGEMENT AND GENERAL MANAGEMENT CONSULTING SERVICES",NVC1EFKKYB93,fb63ba18-02ee-d557-7366-681926c60e0d-C,2026-04-01,2026-07-22,168
43,Systems & Technology Research,Advanced R&D Data Analysis,str.us,541715,"RESEARCH AND DEVELOPMENT IN THE PHYSICAL, ENGINEERING, AND LIFE SCIENCES (EXCEPT NANOTECHNOLOGY AND BIOTECHNOLOGY)","541715: RESEARCH AND DEVELOPMENT IN THE PHYSICAL, ENGINEERING, AND LIFE SCIENCES (EXCEPT NANOTECHNOLOGY AND BIOTECHNOLOGY); 332993: AMMUNITION (EXCEPT SMALL ARMS) MANUFACTURING; 511210: SOFTWARE PUBLISHERS; 541511: CUSTOM COMPUTER PROGRAMMING SERVICES; 334220: RADIO AND TELEVISION BROADCASTING AND WIRELESS COMMUNICATIONS EQUIPMENT MANUFACTURING; 334511: SEARCH, DETECTION, NAVIGATION, GUIDANCE, AERONAUTICAL, AND NAUTICAL SYSTEM AND INSTRUMENT MANUFACTURING; 518210: COMPUTING INFRASTRUCTURE PROVIDERS, DATA PROCESSING, WEB HOSTING, AND RELATED SERVICES",SA7ZWUEM9RG4,c233e603-0df0-d9ad-fbf7-04ba608a0f7a-C,2026-01-30,2026-07-22,109
44,"Metron, Inc.",Advanced Operations Research & Applied Math,metsci.com,,,,,,,2026-07-22,
45,Decisive Analytics,Applied AI & Systems Engineering,dac.us,541712,"RESEARCH AND DEVELOPMENT IN THE PHYSICAL, ENGINEERING, AND LIFE SCIENCES (EXCEPT BIOTECHNOLOGY)","541712: RESEARCH AND DEVELOPMENT IN THE PHYSICAL, ENGINEERING, AND LIFE SCIENCES (EXCEPT BIOTECHNOLOGY); 423430: COMPUTER AND COMPUTER PERIPHERAL EQUIPMENT AND SOFTWARE MERCHANT WHOLESALERS; 541330: ENGINEERING SERVICES; 334310: AUDIO AND VIDEO EQUIPMENT MANUFACTURING; 541512: COMPUTER SYSTEMS DESIGN SERVICES; 541715: RESEARCH AND DEVELOPMENT IN THE PHYSICAL, ENGINEERING, AND LIFE SCIENCES (EXCEPT NANOTECHNOLOGY AND BIOTECHNOLOGY); 541611: ADMINISTRATIVE MANAGEMENT AND GENERAL MANAGEMENT CONSULTING SERVICES; 811212: COMPUTER AND OFFICE MACHINE REPAIR AND MAINTENANCE; 541511: CUSTOM COMPUTER PROGRAMMING SERVICES; 334290: OTHER COMMUNICATIONS EQUIPMENT MANUFACTURING; 524128: OTHER DIRECT INSURANCE (EXCEPT LIFE, HEALTH, AND MEDICAL) CARRIERS",MFA3QKYKLL31,18d1839c-e0d6-40bf-7bc1-2c1bd6ec9da8-C,2020-10-01,2026-07-22,101
46,Radiance Technologies,Specialized Intelligence R&D Support,radiancetech.com,541715,"RESEARCH AND DEVELOPMENT IN THE PHYSICAL, ENGINEERING, AND LIFE SCIENCES (EXCEPT NANOTECHNOLOGY AND BIOTECHNOLOGY)","541715: RESEARCH AND DEVELOPMENT IN THE PHYSICAL, ENGINEERING, AND LIFE SCIENCES (EXCEPT NANOTECHNOLOGY AND BIOTECHNOLOGY); 541712: RESEARCH AND DEVELOPMENT IN THE PHYSICAL, ENGINEERING, AND LIFE SCIENCES (EXCEPT BIOTECHNOLOGY); 336419: OTHER GUIDED MISSILE AND SPACE VEHICLE PARTS AND AUXILIARY EQUIPMENT MANUFACTURING; 541330: ENGINEERING SERVICES; 334515: INSTRUMENT MANUFACTURING FOR MEASURING AND TESTING ELECTRICITY AND ELECTRICAL SIGNALS; 334511: SEARCH, DETECTION, NAVIGATION, GUIDANCE, AERONAUTICAL, AND NAUTICAL SYSTEM AND INSTRUMENT MANUFACTURING; 334290: OTHER COMMUNICATIONS EQUIPMENT MANUFACTURING; 336413: OTHER AIRCRAFT PARTS AND AUXILIARY EQUIPMENT MANUFACTURING; 332993: AMMUNITION (EXCEPT SMALL ARMS) MANUFACTURING; 335931: CURRENT-CARRYING WIRING DEVICE MANUFACTURING; 541350: BUILDING INSPECTION SERVICES; 541511: CUSTOM COMPUTER PROGRAMMING SERVICES; 336411: AIRCRAFT MANUFACTURING; 541519: OTHER COMPUTER RELATED SERVICES; 315999: OTHER APPAREL ACCESSORIES AND OTHER APPAREL MANUFACTURING",YXRLX5PDCWK4,daaa0b56-dd2e-9bbf-1efa-a8b8240c3162-C,2026-05-06,2026-07-22,147
47,InCadence Strategic Solutions,Biometrics & Identity Platforms,incadencecorp.com,334519,OTHER MEASURING AND CONTROLLING DEVICE MANUFACTURING,"334519: OTHER MEASURING AND CONTROLLING DEVICE MANUFACTURING; 541511: CUSTOM COMPUTER PROGRAMMING SERVICES; 334118: COMPUTER TERMINAL AND OTHER COMPUTER PERIPHERAL EQUIPMENT MANUFACTURING; 541519: OTHER COMPUTER RELATED SERVICES; 511210: SOFTWARE PUBLISHERS; 541990: ALL OTHER PROFESSIONAL, SCIENTIFIC, AND TECHNICAL SERVICES; 541512: COMPUTER SYSTEMS DESIGN SERVICES; 541712: RESEARCH AND DEVELOPMENT IN THE PHYSICAL, ENGINEERING, AND LIFE SCIENCES (EXCEPT BIOTECHNOLOGY); 541330: ENGINEERING SERVICES; 238220: PLUMBING, HEATING, AND AIR-CONDITIONING CONTRACTORS; 334220: RADIO AND TELEVISION BROADCASTING AND WIRELESS COMMUNICATIONS EQUIPMENT MANUFACTURING; 541715: RESEARCH AND DEVELOPMENT IN THE PHYSICAL, ENGINEERING, AND LIFE SCIENCES (EXCEPT NANOTECHNOLOGY AND BIOTECHNOLOGY); 453210: OFFICE SUPPLIES AND STATIONERY STORES; 423490: OTHER PROFESSIONAL EQUIPMENT AND SUPPLIES MERCHANT WHOLESALERS; 611430: PROFESSIONAL AND MANAGEMENT DEVELOPMENT TRAINING",D1JARVWENN16,359bd420-00d0-40a3-5245-32984866e06f-C,2026-01-15,2026-07-22,80
48,KeyW Corporation,Advanced Cyber & Intelligence Tech,keywcorp.com,541712,"RESEARCH AND DEVELOPMENT IN THE PHYSICAL, ENGINEERING, AND LIFE SCIENCES (EXCEPT BIOTECHNOLOGY)","541712: RESEARCH AND DEVELOPMENT IN THE PHYSICAL, ENGINEERING, AND LIFE SCIENCES (EXCEPT BIOTECHNOLOGY); 541519: OTHER COMPUTER RELATED SERVICES; 541715: RESEARCH AND DEVELOPMENT IN THE PHYSICAL, ENGINEERING, AND LIFE SCIENCES (EXCEPT NANOTECHNOLOGY AND BIOTECHNOLOGY); 334220: RADIO AND TELEVISION BROADCASTING AND WIRELESS COMMUNICATIONS EQUIPMENT MANUFACTURING; 541330: ENGINEERING SERVICES; 334290: OTHER COMMUNICATIONS EQUIPMENT MANUFACTURING; 334511: SEARCH, DETECTION, NAVIGATION, GUIDANCE, AERONAUTICAL, AND NAUTICAL SYSTEM AND INSTRUMENT MANUFACTURING; 334111: ELECTRONIC COMPUTER MANUFACTURING; 541611: ADMINISTRATIVE MANAGEMENT AND GENERAL MANAGEMENT CONSULTING SERVICES; 541511: CUSTOM COMPUTER PROGRAMMING SERVICES; 511210: SOFTWARE PUBLISHERS; 541990: ALL OTHER PROFESSIONAL, SCIENTIFIC, AND TECHNICAL SERVICES; 541512: COMPUTER SYSTEMS DESIGN SERVICES; 811219: OTHER ELECTRONIC AND PRECISION EQUIPMENT REPAIR AND MAINTENANCE; 611710: EDUCATIONAL SUPPORT SERVICES; 811213: COMMUNICATION EQUIPMENT REPAIR AND MAINTENANCE; 334419: OTHER ELECTRONIC COMPONENT MANUFACTURING; 811121: AUTOMOTIVE BODY, PAINT, AND INTERIOR REPAIR AND MAINTENANCE; 541513: COMPUTER FACILITIES MANAGEMENT SERVICES; 541710: RESEARCH AND DEVELOPMENT IN THE PHYSICAL, ENGINEERING, AND LIFE SCIENCES; 513310: WIRED TELECOMMUNICATIONS CARRIERS",ZCHRM59JUJA9,1b34d205-f0cd-208d-836d-5595c83acb98-C,2025-03-07,2026-07-22,142
49,Signature Science,Bio-Defense & Threat Tracking,signaturescience.com,541199,ALL OTHER LEGAL SERVICES,"541199: ALL OTHER LEGAL SERVICES; 541620: ENVIRONMENTAL CONSULTING SERVICES; 541715: RESEARCH AND DEVELOPMENT IN THE PHYSICAL, ENGINEERING, AND LIFE SCIENCES (EXCEPT NANOTECHNOLOGY AND BIOTECHNOLOGY); 541690: OTHER SCIENTIFIC AND TECHNICAL CONSULTING SERVICES; 541711: RESEARCH AND DEVELOPMENT IN BIOTECHNOLOGY; 611430: PROFESSIONAL AND MANAGEMENT DEVELOPMENT TRAINING",GMK2EG5EDNL7,f9ffeed8-8b7b-0a19-26d7-327a0582305f-C,2026-07-17,2026-07-22,112
50,ARA (Applied Research Associates),Specialized Engineering & Environmental R&D,ara.com,,,,,,,2026-07-22,
51,Torch Technologies,Missile Defense Modeling Services,torchtechnologies.com,541715,"RESEARCH AND DEVELOPMENT IN THE PHYSICAL, ENGINEERING, AND LIFE SCIENCES (EXCEPT NANOTECHNOLOGY AND BIOTECHNOLOGY)","541715: RESEARCH AND DEVELOPMENT IN THE PHYSICAL, ENGINEERING, AND LIFE SCIENCES (EXCEPT NANOTECHNOLOGY AND BIOTECHNOLOGY); 541712: RESEARCH AND DEVELOPMENT IN THE PHYSICAL, ENGINEERING, AND LIFE SCIENCES (EXCEPT BIOTECHNOLOGY); 541330: ENGINEERING SERVICES; 332993: AMMUNITION (EXCEPT SMALL ARMS) MANUFACTURING; 336419: OTHER GUIDED MISSILE AND SPACE VEHICLE PARTS AND AUXILIARY EQUIPMENT MANUFACTURING; 811121: AUTOMOTIVE BODY, PAINT, AND INTERIOR REPAIR AND MAINTENANCE; 611699: ALL OTHER MISCELLANEOUS SCHOOLS AND INSTRUCTION; 541990: ALL OTHER PROFESSIONAL, SCIENTIFIC, AND TECHNICAL SERVICES; 541511: CUSTOM COMPUTER PROGRAMMING SERVICES",YA63J5PVEZE6,4185d6ab-6726-b8f6-b5f8-8d839ccb063c-C,2026-01-14,2026-07-22,140
52,Intuitive Research & Tech,Aerospace Engineering & Analysis,irtc-hq.com,,,,,,,2026-07-22,
53,Davidson Technologies,Aerospace & Missile Defense Engineering,davidson-tech.com,541715,"RESEARCH AND DEVELOPMENT IN THE PHYSICAL, ENGINEERING, AND LIFE SCIENCES (EXCEPT NANOTECHNOLOGY AND BIOTECHNOLOGY)","541715: RESEARCH AND DEVELOPMENT IN THE PHYSICAL, ENGINEERING, AND LIFE SCIENCES (EXCEPT NANOTECHNOLOGY AND BIOTECHNOLOGY); 541712: RESEARCH AND DEVELOPMENT IN THE PHYSICAL, ENGINEERING, AND LIFE SCIENCES (EXCEPT BIOTECHNOLOGY); 541330: ENGINEERING SERVICES; 332993: AMMUNITION (EXCEPT SMALL ARMS) MANUFACTURING",NNGENQ7VK3M7,daae1355-ef3f-88d2-97eb-ac52c4510502-C,2026-03-13,2026-07-22,23
54,nLight,High-Power Defense Lasers,nlight.net,541614,"PROCESS, PHYSICAL DISTRIBUTION, AND LOGISTICS CONSULTING SERVICES","541614: PROCESS, PHYSICAL DISTRIBUTION, AND LOGISTICS CONSULTING SERVICES; 541512: COMPUTER SYSTEMS DESIGN SERVICES; 541611: ADMINISTRATIVE MANAGEMENT AND GENERAL MANAGEMENT CONSULTING SERVICES; 811310: COMMERCIAL AND INDUSTRIAL MACHINERY AND EQUIPMENT (EXCEPT AUTOMOTIVE AND ELECTRONIC) REPAIR AND MAINTENANCE; 541511: CUSTOM COMPUTER PROGRAMMING SERVICES; 311991: PERISHABLE PREPARED FOOD MANUFACTURING; 541330: ENGINEERING SERVICES; 611430: PROFESSIONAL AND MANAGEMENT DEVELOPMENT TRAINING; 541712: RESEARCH AND DEVELOPMENT IN THE PHYSICAL, ENGINEERING, AND LIFE SCIENCES (EXCEPT BIOTECHNOLOGY); 238210: ELECTRICAL CONTRACTORS AND OTHER WIRING INSTALLATION CONTRACTORS; 221115: WIND ELECTRIC POWER GENERATION; 332212: HAND AND EDGE TOOL MANUFACTURING; 561612: SECURITY GUARDS AND PATROL SERVICES; 611699: ALL OTHER MISCELLANEOUS SCHOOLS AND INSTRUCTION; 221118: OTHER ELECTRIC POWER GENERATION; 541519: OTHER COMPUTER RELATED SERVICES; 611710: EDUCATIONAL SUPPORT SERVICES; 518210: COMPUTING INFRASTRUCTURE PROVIDERS, DATA PROCESSING, WEB HOSTING, AND RELATED SERVICES; 221122: ELECTRIC POWER DISTRIBUTION; 541715: RESEARCH AND DEVELOPMENT IN THE PHYSICAL, ENGINEERING, AND LIFE SCIENCES (EXCEPT NANOTECHNOLOGY AND BIOTECHNOLOGY); 513210: SOFTWARE PUBLISHERS; 332999: ALL OTHER MISCELLANEOUS FABRICATED METAL PRODUCT MANUFACTURING; 518210: DATA PROCESSING, HOSTING, AND RELATED SERVICES; 339994: BROOM, BRUSH, AND MOP MANUFACTURING; 561990: ALL OTHER SUPPORT SERVICES; 334511: SEARCH, DETECTION, NAVIGATION, GUIDANCE, AERONAUTICAL, AND NAUTICAL SYSTEM AND INSTRUMENT MANUFACTURING; 334220: RADIO AND TELEVISION BROADCASTING AND WIRELESS COMMUNICATIONS EQUIPMENT MANUFACTURING; 221112: FOSSIL FUEL ELECTRIC POWER GENERATION; 334516: ANALYTICAL LABORATORY INSTRUMENT MANUFACTURING; 531130: LESSORS OF MINIWAREHOUSES AND SELF-STORAGE UNITS; 221114: SOLAR ELECTRIC POWER GENERATION; 561790: OTHER SERVICES TO BUILDINGS AND DWELLINGS; 335921: FIBER OPTIC CABLE MANUFACTURING; 532111: PASSENGER CAR RENTAL; 481211: NONSCHEDULED CHARTERED PASSENGER AIR TRANSPORTATION; 624230: EMERGENCY AND OTHER RELIEF SERVICES; 334519: OTHER MEASURING AND CONTROLLING DEVICE MANUFACTURING; 621610: HOME HEALTH CARE SERVICES; 326199: ALL OTHER PLASTICS PRODUCT MANUFACTURING",UCUEBRLKDW48,78aecc5f-e7e5-3127-b4a5-1e6b8b51b279-C,2026-06-29,2026-07-22,240
55,Directed Energy Technologies,High-Power Tactical RF Systems,directedenergytechnologies.com,334515,INSTRUMENT MANUFACTURING FOR MEASURING AND TESTING ELECTRICITY AND ELECTRICAL SIGNALS,"334515: INSTRUMENT MANUFACTURING FOR MEASURING AND TESTING ELECTRICITY AND ELECTRICAL SIGNALS; 423610: ELECTRICAL APPARATUS AND EQUIPMENT, WIRING SUPPLIES, AND RELATED EQUIPMENT MERCHANT  WHOLESALERS",KA3WCL7MJA61,81226588-ccbb-dddb-a681-3e46e12d20db-C,2018-04-13,2026-07-22,2
56,Verus Research,High-Power Microwave Testing,verusresearch.net,541715,"RESEARCH AND DEVELOPMENT IN THE PHYSICAL, ENGINEERING, AND LIFE SCIENCES (EXCEPT NANOTECHNOLOGY AND BIOTECHNOLOGY)","541715: RESEARCH AND DEVELOPMENT IN THE PHYSICAL, ENGINEERING, AND LIFE SCIENCES (EXCEPT NANOTECHNOLOGY AND BIOTECHNOLOGY); 541712: RESEARCH AND DEVELOPMENT IN THE PHYSICAL, ENGINEERING, AND LIFE SCIENCES (EXCEPT BIOTECHNOLOGY); 336419: OTHER GUIDED MISSILE AND SPACE VEHICLE PARTS AND AUXILIARY EQUIPMENT MANUFACTURING; 332993: AMMUNITION (EXCEPT SMALL ARMS) MANUFACTURING; 541330: ENGINEERING SERVICES; 927110: SPACE RESEARCH AND TECHNOLOGY",Q5LWJE4J4FH1,d6064847-32f0-7bc6-2c76-0f5cd983b2fe-C,2026-04-10,2026-07-22,102
57,Kymeta Corporation,Metamaterial Flat-Panel SatCom,kymetacorp.com,334220,RADIO AND TELEVISION BROADCASTING AND WIRELESS COMMUNICATIONS EQUIPMENT MANUFACTURING,"334220: RADIO AND TELEVISION BROADCASTING AND WIRELESS COMMUNICATIONS EQUIPMENT MANUFACTURING; 541715: RESEARCH AND DEVELOPMENT IN THE PHYSICAL, ENGINEERING, AND LIFE SCIENCES (EXCEPT NANOTECHNOLOGY AND BIOTECHNOLOGY); 517410: SATELLITE TELECOMMUNICATIONS; 541519: OTHER COMPUTER RELATED SERVICES; 541511: CUSTOM COMPUTER PROGRAMMING SERVICES",W53LENEDABY7,22e51d11-3c09-28ce-788e-912db85127c5-C,2025-12-29,2026-07-22,17
58,Isotropic Systems,Multi-Beam Satellite Ground Terminals,isotropicsystems.com,,,,,,,2026-07-22,
59,Phasor Inc.,Electronically Steered SatCom Antennas,phasorsat.com,,,,,,,2026-07-22,
60,ThinKom Solutions,Phased-Array SatCom Solutions,thinkom.com,334220,RADIO AND TELEVISION BROADCASTING AND WIRELESS COMMUNICATIONS EQUIPMENT MANUFACTURING,"334220: RADIO AND TELEVISION BROADCASTING AND WIRELESS COMMUNICATIONS EQUIPMENT MANUFACTURING; 541712: RESEARCH AND DEVELOPMENT IN THE PHYSICAL, ENGINEERING, AND LIFE SCIENCES (EXCEPT BIOTECHNOLOGY); 541715: RESEARCH AND DEVELOPMENT IN THE PHYSICAL, ENGINEERING, AND LIFE SCIENCES (EXCEPT NANOTECHNOLOGY AND BIOTECHNOLOGY); 541710: RESEARCH AND DEVELOPMENT IN THE PHYSICAL, ENGINEERING, AND LIFE SCIENCES; 541711: RESEARCH AND DEVELOPMENT IN BIOTECHNOLOGY; 221111: HYDROELECTRIC POWER GENERATION; 334511: SEARCH, DETECTION, NAVIGATION, GUIDANCE, AERONAUTICAL, AND NAUTICAL SYSTEM AND INSTRUMENT MANUFACTURING",PQS2ANJ8ZDL6,4720b855-86bc-719d-8a4e-63def25ef5d3-C,2026-03-13,2026-07-22,27
61,CesiumAstro,Active Phased Array Space Systems,cesiumastro.com,541715,"RESEARCH AND DEVELOPMENT IN THE PHYSICAL, ENGINEERING, AND LIFE SCIENCES (EXCEPT NANOTECHNOLOGY AND BIOTECHNOLOGY)","541715: RESEARCH AND DEVELOPMENT IN THE PHYSICAL, ENGINEERING, AND LIFE SCIENCES (EXCEPT NANOTECHNOLOGY AND BIOTECHNOLOGY); 334220: RADIO AND TELEVISION BROADCASTING AND WIRELESS COMMUNICATIONS EQUIPMENT MANUFACTURING; 541519: OTHER COMPUTER RELATED SERVICES",ETNXN97SBHG3,cf2dc5f8-b668-0146-4492-7b341b79fabb-C,2025-12-29,2026-07-22,24
62,HawkEye 360,Radio Frequency Satellite Intelligence,he360.com,541715,"RESEARCH AND DEVELOPMENT IN THE PHYSICAL, ENGINEERING, AND LIFE SCIENCES (EXCEPT NANOTECHNOLOGY AND BIOTECHNOLOGY)","541715: RESEARCH AND DEVELOPMENT IN THE PHYSICAL, ENGINEERING, AND LIFE SCIENCES (EXCEPT NANOTECHNOLOGY AND BIOTECHNOLOGY); 517410: SATELLITE TELECOMMUNICATIONS; 518210: COMPUTING INFRASTRUCTURE PROVIDERS, DATA PROCESSING, WEB HOSTING, AND RELATED SERVICES; 518210: DATA PROCESSING, HOSTING, AND RELATED SERVICES; 519130: INTERNET PUBLISHING AND BROADCASTING AND WEB SEARCH PORTALS",HG7CYZVMMD43,2cd13336-d117-7b25-b955-344c3b763337-C,2026-01-21,2026-07-22,12
63,Capella Space,Synthetic Aperture Radar (SAR) Constellations,capellaspace.com,541715,"RESEARCH AND DEVELOPMENT IN THE PHYSICAL, ENGINEERING, AND LIFE SCIENCES (EXCEPT NANOTECHNOLOGY AND BIOTECHNOLOGY)","541715: RESEARCH AND DEVELOPMENT IN THE PHYSICAL, ENGINEERING, AND LIFE SCIENCES (EXCEPT NANOTECHNOLOGY AND BIOTECHNOLOGY); 541990: ALL OTHER PROFESSIONAL, SCIENTIFIC, AND TECHNICAL SERVICES; 517410: SATELLITE TELECOMMUNICATIONS; 541370: SURVEYING AND MAPPING (EXCEPT GEOPHYSICAL) SERVICES",RL5NWERCMPR3,8e7f1ab5-846f-e8d5-fbfd-0df668cc527e-C,2025-12-29,2026-07-22,25
64,Iceye,High-Resolution SAR Micro-Satellites,iceye.com,541990,"ALL OTHER PROFESSIONAL, SCIENTIFIC, AND TECHNICAL SERVICES","541990: ALL OTHER PROFESSIONAL, SCIENTIFIC, AND TECHNICAL SERVICES; 541370: SURVEYING AND MAPPING (EXCEPT GEOPHYSICAL) SERVICES; 813920: PROFESSIONAL ORGANIZATIONS; 517410: SATELLITE TELECOMMUNICATIONS; 517919: ALL OTHER TELECOMMUNICATIONS; 518210: DATA PROCESSING, HOSTING, AND RELATED SERVICES",LVR2DCPMU7M3,ce52ce73-d469-a4ae-2566-68deb99b47c2-C,2025-11-25,2026-07-22,14
65,Ursa Space Systems,Geospatial Satellite Data Intelligence,ursaspace.com,541715,"RESEARCH AND DEVELOPMENT IN THE PHYSICAL, ENGINEERING, AND LIFE SCIENCES (EXCEPT NANOTECHNOLOGY AND BIOTECHNOLOGY)","541715: RESEARCH AND DEVELOPMENT IN THE PHYSICAL, ENGINEERING, AND LIFE SCIENCES (EXCEPT NANOTECHNOLOGY AND BIOTECHNOLOGY)",S9KPY9BKZHA4,71bf0c0b-f195-0bd0-fd48-02d88d56c21e-C,2025-12-29,2026-07-22,3
66,Orbital Insight,Geospatial AI & Location Analytics,orbitalinsight.com,541360,GEOPHYSICAL SURVEYING AND MAPPING SERVICES,"541360: GEOPHYSICAL SURVEYING AND MAPPING SERVICES; 541715: RESEARCH AND DEVELOPMENT IN THE PHYSICAL, ENGINEERING, AND LIFE SCIENCES (EXCEPT NANOTECHNOLOGY AND BIOTECHNOLOGY)",F6XESJMUVD15,648daa93-c4da-408a-bcea-5c5c2f376462-C,2025-12-29,2026-07-22,11
67,BlackSky,High-Frequency Satellite Imaging,blacksky.com,541715,"RESEARCH AND DEVELOPMENT IN THE PHYSICAL, ENGINEERING, AND LIFE SCIENCES (EXCEPT NANOTECHNOLOGY AND BIOTECHNOLOGY)","541715: RESEARCH AND DEVELOPMENT IN THE PHYSICAL, ENGINEERING, AND LIFE SCIENCES (EXCEPT NANOTECHNOLOGY AND BIOTECHNOLOGY); 541990: ALL OTHER PROFESSIONAL, SCIENTIFIC, AND TECHNICAL SERVICES; 517410: SATELLITE TELECOMMUNICATIONS; 541712: RESEARCH AND DEVELOPMENT IN THE PHYSICAL, ENGINEERING, AND LIFE SCIENCES (EXCEPT BIOTECHNOLOGY); 541713: RESEARCH AND DEVELOPMENT IN NANOTECHNOLOGY; 334418: PRINTED CIRCUIT ASSEMBLY (ELECTRONIC ASSEMBLY) MANUFACTURING; 334513: INSTRUMENTS AND RELATED PRODUCTS MANUFACTURING FOR MEASURING, DISPLAYING, AND CONTROLLING INDUSTRIAL PROCESS VARIABLES; 518210: COMPUTING INFRASTRUCTURE PROVIDERS, DATA PROCESSING, WEB HOSTING, AND RELATED SERVICES; 541512: COMPUTER SYSTEMS DESIGN SERVICES",NGNJATA6JMG1,7dae3faa-b495-abca-983a-fcdd6cb179da-C,2026-03-06,2026-07-22,33
68,Satellogic,High-Resolution Earth Observation Imagery,satellogic.com,541990,"ALL OTHER PROFESSIONAL, SCIENTIFIC, AND TECHNICAL SERVICES","541990: ALL OTHER PROFESSIONAL, SCIENTIFIC, AND TECHNICAL SERVICES",DNP1PZ5Q5453,c5aa74ed-0558-364d-1ec2-e71945c1637d-C,2025-11-25,2026-07-22,4
69,Planet Labs,Daily Global Earth Observation Imagery,planet.com,511210,SOFTWARE PUBLISHERS,"511210: SOFTWARE PUBLISHERS; 541990: ALL OTHER PROFESSIONAL, SCIENTIFIC, AND TECHNICAL SERVICES; 541370: SURVEYING AND MAPPING (EXCEPT GEOPHYSICAL) SERVICES; 517410: SATELLITE TELECOMMUNICATIONS; 541360: GEOPHYSICAL SURVEYING AND MAPPING SERVICES; 541511: CUSTOM COMPUTER PROGRAMMING SERVICES; 541715: RESEARCH AND DEVELOPMENT IN THE PHYSICAL, ENGINEERING, AND LIFE SCIENCES (EXCEPT NANOTECHNOLOGY AND BIOTECHNOLOGY); 927110: SPACE RESEARCH AND TECHNOLOGY; 541519: OTHER COMPUTER RELATED SERVICES; 541690: OTHER SCIENTIFIC AND TECHNICAL CONSULTING SERVICES; 518210: COMPUTING INFRASTRUCTURE PROVIDERS, DATA PROCESSING, WEB HOSTING, AND RELATED SERVICES; 511120: PERIODICAL PUBLISHERS; 519130: INTERNET PUBLISHING AND BROADCASTING AND WEB SEARCH PORTALS; 423430: COMPUTER AND COMPUTER PERIPHERAL EQUIPMENT AND SOFTWARE MERCHANT WHOLESALERS; 519190: ALL OTHER INFORMATION SERVICES; 519120: LIBRARIES AND ARCHIVES",DFVEL86MHBN3,42037c0c-42b5-167c-24c1-52d1dec7ae35-C,2026-05-07,2026-07-22,89
70,Spire Global,Space-to-Cloud Maritime & Weather Data,spire.com,541990,"ALL OTHER PROFESSIONAL, SCIENTIFIC, AND TECHNICAL SERVICES","541990: ALL OTHER PROFESSIONAL, SCIENTIFIC, AND TECHNICAL SERVICES; 518210: COMPUTING INFRASTRUCTURE PROVIDERS, DATA PROCESSING, WEB HOSTING, AND RELATED SERVICES; 518210: DATA PROCESSING, HOSTING, AND RELATED SERVICES; 541715: RESEARCH AND DEVELOPMENT IN THE PHYSICAL, ENGINEERING, AND LIFE SCIENCES (EXCEPT NANOTECHNOLOGY AND BIOTECHNOLOGY); 517410: SATELLITE TELECOMMUNICATIONS; 336414: GUIDED MISSILE AND SPACE VEHICLE MANUFACTURING; 517810: ALL OTHER TELECOMMUNICATIONS; 481212: NONSCHEDULED CHARTERED FREIGHT AIR TRANSPORTATION; 541519: OTHER COMPUTER RELATED SERVICES; 517111: WIRED TELECOMMUNICATIONS CARRIERS; 334511: SEARCH, DETECTION, NAVIGATION, GUIDANCE, AERONAUTICAL, AND NAUTICAL SYSTEM AND INSTRUMENT MANUFACTURING; 519290: WEB SEARCH PORTALS AND ALL OTHER INFORMATION SERVICES; 488330: NAVIGATIONAL SERVICES TO SHIPPING; 541330: ENGINEERING SERVICES",LJ68J1MQ3MV7,5f72b748-bfb2-3d9e-3a13-e9568727cb93-C,2026-04-02,2026-07-22,55
71,Slingshot Aerospace,Space Domain Software Awareness,slingshotaerospace.com,541715,"RESEARCH AND DEVELOPMENT IN THE PHYSICAL, ENGINEERING, AND LIFE SCIENCES (EXCEPT NANOTECHNOLOGY AND BIOTECHNOLOGY)","541715: RESEARCH AND DEVELOPMENT IN THE PHYSICAL, ENGINEERING, AND LIFE SCIENCES (EXCEPT NANOTECHNOLOGY AND BIOTECHNOLOGY); 513210: SOFTWARE PUBLISHERS; 511210: SOFTWARE PUBLISHERS; 927110: SPACE RESEARCH AND TECHNOLOGY; 519130: INTERNET PUBLISHING AND BROADCASTING AND WEB SEARCH PORTALS; 541990: ALL OTHER PROFESSIONAL, SCIENTIFIC, AND TECHNICAL SERVICES; 518210: COMPUTING INFRASTRUCTURE PROVIDERS, DATA PROCESSING, WEB HOSTING, AND RELATED SERVICES; 541611: ADMINISTRATIVE MANAGEMENT AND GENERAL MANAGEMENT CONSULTING SERVICES; 518210: DATA PROCESSING, HOSTING, AND RELATED SERVICES; 541511: CUSTOM COMPUTER PROGRAMMING SERVICES; 517410: SATELLITE TELECOMMUNICATIONS; 561990: ALL OTHER SUPPORT SERVICES",NVX6YKTL6K97,6a4cc186-a400-d5f8-3b0d-b6bddecb3346-C,2025-12-29,2026-07-22,36
72,LeoLabs,Low Earth Orbit Space Tracking Systems,leolabs.space,541715,"RESEARCH AND DEVELOPMENT IN THE PHYSICAL, ENGINEERING, AND LIFE SCIENCES (EXCEPT NANOTECHNOLOGY AND BIOTECHNOLOGY)","541715: RESEARCH AND DEVELOPMENT IN THE PHYSICAL, ENGINEERING, AND LIFE SCIENCES (EXCEPT NANOTECHNOLOGY AND BIOTECHNOLOGY); 513210: SOFTWARE PUBLISHERS; 518210: COMPUTING INFRASTRUCTURE PROVIDERS, DATA PROCESSING, WEB HOSTING, AND RELATED SERVICES; 517410: SATELLITE TELECOMMUNICATIONS; 517919: ALL OTHER TELECOMMUNICATIONS; 541511: CUSTOM COMPUTER PROGRAMMING SERVICES; 541519: OTHER COMPUTER RELATED SERVICES",SM8JX1KNX4L8,10387747-163f-1340-4252-155f97b94742-C,2026-04-02,2026-07-22,15
73,Kayhan Space,Satellite Conjunction Assessment Platforms,kayhan.space,541715,"RESEARCH AND DEVELOPMENT IN THE PHYSICAL, ENGINEERING, AND LIFE SCIENCES (EXCEPT NANOTECHNOLOGY AND BIOTECHNOLOGY)","541715: RESEARCH AND DEVELOPMENT IN THE PHYSICAL, ENGINEERING, AND LIFE SCIENCES (EXCEPT NANOTECHNOLOGY AND BIOTECHNOLOGY); 513210: SOFTWARE PUBLISHERS",PQC6PKN6NK71,acbd0989-eef2-83a3-cd86-e5aa34f46cbe-C,2024-11-01,2026-07-22,11
74,Cognitive Space,AI SaaS for Satellite Operations,cognitivespace.com,541715,"RESEARCH AND DEVELOPMENT IN THE PHYSICAL, ENGINEERING, AND LIFE SCIENCES (EXCEPT NANOTECHNOLOGY AND BIOTECHNOLOGY)","541715: RESEARCH AND DEVELOPMENT IN THE PHYSICAL, ENGINEERING, AND LIFE SCIENCES (EXCEPT NANOTECHNOLOGY AND BIOTECHNOLOGY); 927110: SPACE RESEARCH AND TECHNOLOGY; 541990: ALL OTHER PROFESSIONAL, SCIENTIFIC, AND TECHNICAL SERVICES",V4LVMKMW74B3,4d9f16da-5ac2-12a7-add3-2d6983a293a6-C,2025-12-29,2026-07-22,14
75,True Anomaly,Space Security & Tactical Orbital Vehicles,trueanomaly.space,541715,"RESEARCH AND DEVELOPMENT IN THE PHYSICAL, ENGINEERING, AND LIFE SCIENCES (EXCEPT NANOTECHNOLOGY AND BIOTECHNOLOGY)","541715: RESEARCH AND DEVELOPMENT IN THE PHYSICAL, ENGINEERING, AND LIFE SCIENCES (EXCEPT NANOTECHNOLOGY AND BIOTECHNOLOGY); 336414: GUIDED MISSILE AND SPACE VEHICLE MANUFACTURING",UJ6GX54JLLA8,2fc2a70e-6ee5-55cf-d493-b5df39fa1913-C,2026-04-08,2026-07-22,7
76,Starfish Space,Satellite Servicing & Space Debris Removal,starfishspace.com,541715,"RESEARCH AND DEVELOPMENT IN THE PHYSICAL, ENGINEERING, AND LIFE SCIENCES (EXCEPT NANOTECHNOLOGY AND BIOTECHNOLOGY)","541715: RESEARCH AND DEVELOPMENT IN THE PHYSICAL, ENGINEERING, AND LIFE SCIENCES (EXCEPT NANOTECHNOLOGY AND BIOTECHNOLOGY); 481212: NONSCHEDULED CHARTERED FREIGHT AIR TRANSPORTATION; 541990: ALL OTHER PROFESSIONAL, SCIENTIFIC, AND TECHNICAL SERVICES",QM7PN38M94U7,094aa398-54b8-254b-29bf-ef3054c5c72f-C,2026-01-30,2026-07-22,21
77,Atomos Space,In-Space Nuclear & Orbital Logistics,atomosspace.com,,,,,,,2026-07-22,
78,Impulse Space,In-Space Propulsion Systems & Logistical Vehicles,impulsespace.com,541715,"RESEARCH AND DEVELOPMENT IN THE PHYSICAL, ENGINEERING, AND LIFE SCIENCES (EXCEPT NANOTECHNOLOGY AND BIOTECHNOLOGY)","541715: RESEARCH AND DEVELOPMENT IN THE PHYSICAL, ENGINEERING, AND LIFE SCIENCES (EXCEPT NANOTECHNOLOGY AND BIOTECHNOLOGY); 481212: NONSCHEDULED CHARTERED FREIGHT AIR TRANSPORTATION",FGQ7CARRFFA2,e65ac258-fc58-864a-a7bd-2fc374a50731-C,2026-01-12,2026-07-22,9
79,Launcher,Rocket Engines & Orbital Transfer Software,launcherspace.com,326112,PLASTICS PACKAGING FILM AND SHEET (INCLUDING LAMINATED) MANUFACTURING,"326112: PLASTICS PACKAGING FILM AND SHEET (INCLUDING LAMINATED) MANUFACTURING; 541715: RESEARCH AND DEVELOPMENT IN THE PHYSICAL, ENGINEERING, AND LIFE SCIENCES (EXCEPT NANOTECHNOLOGY AND BIOTECHNOLOGY); 336414: GUIDED MISSILE AND SPACE VEHICLE MANUFACTURING",FKLQH4NZBMF1,2e79dd88-c0f0-412d-6223-b8867ea4dfa0-C,2023-05-04,2026-07-22,33
80,Ursa Major Technologies,Propulsion Systems for Rockets & Hypersonics,ursamajor.com,541715,"RESEARCH AND DEVELOPMENT IN THE PHYSICAL, ENGINEERING, AND LIFE SCIENCES (EXCEPT NANOTECHNOLOGY AND BIOTECHNOLOGY)","541715: RESEARCH AND DEVELOPMENT IN THE PHYSICAL, ENGINEERING, AND LIFE SCIENCES (EXCEPT NANOTECHNOLOGY AND BIOTECHNOLOGY); 332993: AMMUNITION (EXCEPT SMALL ARMS) MANUFACTURING",N7GDJHB2VBU4,701305b6-4c35-6385-0c0c-456d7f545f01-C,2025-12-29,2026-07-22,16
81,Hermeus,Hypersonic Military Aircraft Tech,hermeus.com,541715,"RESEARCH AND DEVELOPMENT IN THE PHYSICAL, ENGINEERING, AND LIFE SCIENCES (EXCEPT NANOTECHNOLOGY AND BIOTECHNOLOGY)","541715: RESEARCH AND DEVELOPMENT IN THE PHYSICAL, ENGINEERING, AND LIFE SCIENCES (EXCEPT NANOTECHNOLOGY AND BIOTECHNOLOGY)",Y3D9D7QN2LP3,7dc4df38-ed70-6cb5-1acd-155709d6e009-C,2025-12-29,2026-07-22,7
82,Boom Supersonic,Commercial & Defense Supersonic Aircraft,boomsupersonic.com,,,,,,,2026-07-22,
83,Venus Aerospace,Hypersonic Spaceplanes & Drone Tracking,venusaero.com,541715,"RESEARCH AND DEVELOPMENT IN THE PHYSICAL, ENGINEERING, AND LIFE SCIENCES (EXCEPT NANOTECHNOLOGY AND BIOTECHNOLOGY)","541715: RESEARCH AND DEVELOPMENT IN THE PHYSICAL, ENGINEERING, AND LIFE SCIENCES (EXCEPT NANOTECHNOLOGY AND BIOTECHNOLOGY); 336414: GUIDED MISSILE AND SPACE VEHICLE MANUFACTURING",L7E4L8YNKMH6,0466f986-70e0-1b7b-3d5d-4efa4e0c3ebf-C,2024-08-07,2026-07-22,6
84,Stratolaunch,Air-Launch Testbeds for Hypersonic Flights,stratolaunch.com,541715,"RESEARCH AND DEVELOPMENT IN THE PHYSICAL, ENGINEERING, AND LIFE SCIENCES (EXCEPT NANOTECHNOLOGY AND BIOTECHNOLOGY)","541715: RESEARCH AND DEVELOPMENT IN THE PHYSICAL, ENGINEERING, AND LIFE SCIENCES (EXCEPT NANOTECHNOLOGY AND BIOTECHNOLOGY)",LKCVRU6ADZH8,71ebf6d4-4b33-3525-934a-0d392ea86572-C,2025-12-29,2026-07-22,6
85,Calspan,Flight Research & Airborne Test Services,calspan.com,324110,PETROLEUM REFINERIES,"324110: PETROLEUM REFINERIES; 541380: TESTING LABORATORIES AND SERVICES; 611512: FLIGHT TRAINING; 488190: OTHER SUPPORT ACTIVITIES FOR AIR TRANSPORTATION; 541380: TESTING LABORATORIES; 541715: RESEARCH AND DEVELOPMENT IN THE PHYSICAL, ENGINEERING, AND LIFE SCIENCES (EXCEPT NANOTECHNOLOGY AND BIOTECHNOLOGY); 541330: ENGINEERING SERVICES; 336419: OTHER GUIDED MISSILE AND SPACE VEHICLE PARTS AND AUXILIARY EQUIPMENT MANUFACTURING; 336611: SHIP BUILDING AND REPAIRING; 334511: SEARCH, DETECTION, NAVIGATION, GUIDANCE, AERONAUTICAL, AND NAUTICAL SYSTEM AND INSTRUMENT MANUFACTURING; 541712: RESEARCH AND DEVELOPMENT IN THE PHYSICAL, ENGINEERING, AND LIFE SCIENCES (EXCEPT BIOTECHNOLOGY); 332510: HARDWARE MANUFACTURING; 332618: OTHER FABRICATED WIRE PRODUCT MANUFACTURING; 339991: GASKET, PACKING, AND SEALING DEVICE MANUFACTURING; 332993: AMMUNITION (EXCEPT SMALL ARMS) MANUFACTURING; 332710: MACHINE SHOPS; 332721: PRECISION TURNED PRODUCT MANUFACTURING; 332999: ALL OTHER MISCELLANEOUS FABRICATED METAL PRODUCT MANUFACTURING; 541370: SURVEYING AND MAPPING (EXCEPT GEOPHYSICAL) SERVICES; 541910: MARKETING RESEARCH AND PUBLIC OPINION POLLING",Y2SHYGR1MNP6,ab466648-0df4-4bb5-ed27-93df0643226f-C,2026-05-18,2026-07-22,143
86,Fona Technologies,Tactical Infrastructure Software,fonatech.com,,,,,,,2026-07-22,
87,Sonaca Spatial,Aerospace Testing Systems,sonaca.com,,,,,,,2026-07-22,
88,AeroTEC,Aerospace Testing & Flight Evaluation,aerotec.com,336413,OTHER AIRCRAFT PARTS AND AUXILIARY EQUIPMENT MANUFACTURING,"336413: OTHER AIRCRAFT PARTS AND AUXILIARY EQUIPMENT MANUFACTURING; 332911: INDUSTRIAL VALVE MANUFACTURING; 325520: ADHESIVE MANUFACTURING; 325212: SYNTHETIC RUBBER MANUFACTURING; 334519: OTHER MEASURING AND CONTROLLING DEVICE MANUFACTURING; 332613: SPRING MANUFACTURING; 332510: HARDWARE MANUFACTURING; 611519: OTHER TECHNICAL AND TRADE SCHOOLS; 332710: MACHINE SHOPS; 332994: SMALL ARMS, ORDNANCE, AND ORDNANCE ACCESSORIES MANUFACTURING; 811310: COMMERCIAL AND INDUSTRIAL MACHINERY AND EQUIPMENT (EXCEPT AUTOMOTIVE AND ELECTRONIC) REPAIR AND MAINTENANCE; 488190: OTHER SUPPORT ACTIVITIES FOR AIR TRANSPORTATION; 335312: MOTOR AND GENERATOR MANUFACTURING; 332991: BALL AND ROLLER BEARING MANUFACTURING; 331420: COPPER ROLLING, DRAWING, EXTRUDING, AND ALLOYING; 336411: AIRCRAFT MANUFACTURING; 335999: ALL OTHER MISCELLANEOUS ELECTRICAL EQUIPMENT AND COMPONENT MANUFACTURING; 541370: SURVEYING AND MAPPING (EXCEPT GEOPHYSICAL) SERVICES; 335314: RELAY AND INDUSTRIAL CONTROL MANUFACTURING; 334412: BARE PRINTED CIRCUIT BOARD MANUFACTURING; 332618: OTHER FABRICATED WIRE PRODUCT MANUFACTURING; 335311: POWER, DISTRIBUTION, AND SPECIALTY TRANSFORMER MANUFACTURING; 336330: MOTOR VEHICLE STEERING AND SUSPENSION COMPONENTS (EXCEPT SPRING) MANUFACTURING; 334419: OTHER ELECTRONIC COMPONENT MANUFACTURING; 333613: MECHANICAL POWER TRANSMISSION EQUIPMENT MANUFACTURING; 333924: INDUSTRIAL TRUCK, TRACTOR, TRAILER, AND STACKER MACHINERY MANUFACTURING; 336340: MOTOR VEHICLE BRAKE SYSTEM MANUFACTURING; 332722: BOLT, NUT, SCREW, RIVET, AND WASHER MANUFACTURING; 334516: ANALYTICAL LABORATORY INSTRUMENT MANUFACTURING; 334513: INSTRUMENTS AND RELATED PRODUCTS MANUFACTURING FOR MEASURING, DISPLAYING, AND CONTROLLING INDUSTRIAL PROCESS VARIABLES; 336320: MOTOR VEHICLE ELECTRICAL AND ELECTRONIC EQUIPMENT MANUFACTURING; 811210: ELECTRONIC AND PRECISION EQUIPMENT REPAIR AND MAINTENANCE; 811198: ALL OTHER AUTOMOTIVE REPAIR AND MAINTENANCE; 334515: INSTRUMENT MANUFACTURING FOR MEASURING AND TESTING ELECTRICITY AND ELECTRICAL SIGNALS; 332322: SHEET METAL WORK MANUFACTURING; 541380: TESTING LABORATORIES; 518210: DATA PROCESSING, HOSTING, AND RELATED SERVICES; 336412: AIRCRAFT ENGINE AND ENGINE PARTS MANUFACTURING; 561320: TEMPORARY HELP SERVICES",HLW7BPRWMK16,c839a709-7a26-ac3f-8015-698ccffb5bec-C,2026-05-26,2026-07-22,132
89,Seabury Solutions,Aviation Regulatory Maintenance Software,seaburysolutions.com,,,,,,,2026-07-22,
90,EmpowerMX,Aerospace Fleet Software Platforms,empowermx.com,,,,,,,2026-07-22,
91,Ramco Systems,Aviation Maintenance ERP Solutions,ramco.com,,,,,,,2026-07-22,
